sample,subject,timepoint,batch
C0052_5F_1A,52,5,1
C0126_8F_1A,126,8,1
C0126_8F_1B,126,8,1
C0127_6F_1B,127,6,1
C0286_5F_1A,286,5,1
C0296_5F_1A,296,5,1
C0053_6F_1A,53,6,1
C0108_4F_1A,108,4,1
C0498_1F_2A,498,1,1
C0498_1F_1A,498,1,1
C0043_7F_1A,43,7,1
C0117_4F_2A,117,4,1
C0117_4F_1A,117,4,1
C0117_4F_1B,117,4,1
C0499_1F_1A,499,1,1
C0499_1F_1B,499,1,1
C0061_6F_1A,61,6,1
C0061_6F_2A,61,6,1
C0062_6F_1A,62,6,1
C0062_6F_2A,62,6,1
C0067_6F_1A,67,6,1
C0082_4F_1A,82,4,1
C0499_1F_2A,499,1,1
C0505_1F_1A,505,1,1
C0506_1F_2A,506,1,1
C0506_1F_1A,506,1,1
C0507_1F_2A,507,1,1
C0507_1F_1A,507,1,1
C0509_1F_2A,509,1,1
C0509_1F_1B,509,1,1
C0511_1F_1A,511,1,1
C0511_1F_2A,511,1,1
C0511_1F_2B,511,1,1
C0066_6F_1A,66,6,1
C0066_6F_1B,66,6,1
C0066_6F_2A,66,6,1
C0240_3F_2A,240,3,1
C0240_3F_1A,240,3,1
C0476_3F_2A,476,3,1
C0476_3F_1A,476,3,1
C0516_1F_1A,516,1,1
C0516_1F_2A,516,1,1
C0516_1F_2B,516,1,1
C0229_4F_1A,229,4,1
C0229_4F_2A,229,4,1
C0479_3F_1A,479,3,1
C0479_3F_2A,479,3,1
C0520_1F_1A,520,1,1
C0520_1F_2A,520,1,1
C0521_1F_1A,521,1,1
C0521_1F_2A,521,1,1
C0539_1F_1A,539,1,1
C0530_1F_1A,530,1,1
C0530_1F_2A,530,1,1
C0544_1F_2A,544,1,1
C0544_1F_1A,544,1,1
C0552_1F_1A,552,1,1
C0552_1F_2A,552,1,1
C0541_1F_2A,541,1,1
C0541_1F_1A,541,1,1
C0482_3F_1A,482,3,1
C0202_4F_1A,202,4,1
C0202_4F_2A,202,4,1
C0547_1F_1A,547,1,1
C0547_1F_2A,547,1,1
C0119_3F_1A,119,3,1
C0119_3F_2A,119,3,1
C0258_3F_1A,258,3,1
C0258_3F_2A,258,3,1
C0568_1F_1A,568,1,1
C0189_5F_2A,189,5,1
C0189_5F_1A,189,5,1
C0570_1F_1A,570,1,1
C0570_1F_2A,570,1,1
C0188_5F_1A,188,5,1
C0188_5F_2A,188,5,1
C0569_1F_1A,569,1,1
C0569_1F_2A,569,1,1
C0179_4F_2A,179,4,1
C0179_4F_1A,179,4,1
C0554_1F_2A,554,1,2
C0554_1F_1A,554,1,2
C0517_1F_2A,517,1,2
C0517_1F_1A,517,1,2
C0586_1F_1A,586,1,2
C0364_2F_2A,364,2,2
C0364_2F_1A,364,2,2
C0583_1F_1A,583,1,2
C0589_1F_1A,589,1,2
C0589_1F_2A,589,1,2
C0590_1F_2A,590,1,2
C0590_1F_1A,590,1,2
C0591_1F_2A,591,1,2
C0591_1F_1A,591,1,2
C0594_1F_1A,594,1,2
C0594_1F_2A,594,1,2
C0595_1F_1A,595,1,2
C0595_1F_2A,595,1,2
C0201_5F_1A,201,5,2
C0201_5F_2A,201,5,2
C0596_1F_1A,596,1,2
C0596_1F_2A,596,1,2
C0597_1F_1A,597,1,2
C0597_1F_2A,597,1,2
C0514_1F_2A,514,1,2
C0514_1F_1A,514,1,2
C0550_1F_1A,550,1,2
C0551_1F_2A,551,1,2
C0601_1F_2A,601,1,2
C0601_1F_1A,601,1,2
C0603_1F_1A,603,1,2
C0603_1F_2A,603,1,2
C2018_1F_2A,2018,1,2
C2018_1F_1A,2018,1,2
C0550_1F_2A,550,1,2
C0551_1F_1A,551,1,2
C0592_1F_1A,592,1,2
C0593_1F_1A,593,1,2
C0600_1F_1A,600,1,2
C0607_1F_1A,607,1,2
C0537_1F_1A,537,1,2
C0537_1F_2A,537,1,2
C0610_1F_1A,610,1,2
C0577_1F_2A,577,1,2
C0577_1F_1A,577,1,2
C0578_1F_1A,578,1,2
C0578_1F_2A,578,1,2
C0579_1F_2A,579,1,2
C0579_1F_1A,579,1,2
C0307_4F_1A,307,4,2
C0308_5F_1A,308,5,2
C0308_5F_2A,308,5,2
C0608_1F_1A,608,1,2
C0611_1F_1A,611,1,2
C0621_1F_2A,621,1,2
C0621_1E_1A,621,1,3
C0621_1F_1A,621,1,2
C0615_1F_1A,615,1,2
C0615_1F_2A,615,1,2
C0420_4F_2A,420,4,2
C0420_4F_1A,420,4,2
C0403_3F_2A,403,3,2
C0403_3E_1A,403,3,3
C0403_3F_1A,403,3,2
C0404_3F_2A,404,3,2
C0404_3E_1A,404,3,3
C0404_3F_1A,404,3,2
C0627_1F_1A,627,1,2
C0627_1F_2A,627,1,2
C0093_3F_1A,93,3,2
C0093_3F_2A,93,3,2
C0159_5E_1A,159,5,3
C0159_5F_1A,159,5,2
C0159_5F_2A,159,5,2
C0132_4F_2A,132,4,2
C0132_4F_1A,132,4,2
C0634_1F_3A,634,1,2
C0634_1E_2A,634,1,3
C0337_3F_2A,337,3,2
C0337_3F_1A,337,3,2
C0641_1F_1A,641,1,2
C0641_1E_1A,641,1,4
C0641_1F_2A,641,1,2
C0635_1F_1A,635,1,2
C0635_1F_2A,635,1,2
C0635_1E_1A,635,1,4
C0016_3E_1A,16,3,4
C0016_3F_2A,16,3,2
C0016_3F_1A,16,3,2
C0017_2F_1A,17,2,2
C0017_2F_2A,17,2,2
C0017_2E_1A,17,2,4
C0337_3E_1A,337,3,4
C0631_1F_2A,631,1,2
C0631_1F_1A,631,1,2
C0631_1E_1A,631,1,4
C0636_1F_2A,636,1,2
C0636_1E_1A,636,1,4
C0636_1F_1A,636,1,2
C0638_1F_2A,638,1,2
C0638_1E_1A,638,1,4
C0638_1F_1A,638,1,2
C0643_1E_1A,643,1,4
C0648_1F_1A,648,1,2
C0648_1F_2A,648,1,2
C0648_1E_1A,648,1,4
C0254_5F_2A,254,5,2
C0254_5F_1A,254,5,2
C0254_5E_1A,254,5,4
C0450_2F_1A,450,2,2
C0450_2F_2A,450,2,2
M0652_1F_2A,652,1,3
M0652_1F_1A,652,1,3
C0194_4F_1A,194,4,3
C0194_4E_1A,194,4,4
C0194_4F_2A,194,4,3
C0196_5F_1A,196,5,3
C0196_5F_2A,196,5,3
C0196_5E_1A,196,5,4
C0634_1E_1A,634,1,4
C0643_1F_2A,643,1,3
C0643_1F_1A,643,1,3
M0644_1F_1A,644,1,3
M0644_1F_2A,644,1,3
M0644_1E_1A,644,1,4
M0651_1E_1A,651,1,4
M0651_1F_2A,651,1,3
M0651_1F_1A,651,1,3
M0652_1E_1A,652,1,4
C0633_1F_1A,633,1,3
C0633_1E_1A,633,1,4
C0633_1F_2A,633,1,3
C0634_1F_2A,634,1,3
C0634_1F_1A,634,1,3
C0655_1E_1A,655,1,4
C0655_1F_2A,655,1,3
C0655_1F_1A,655,1,3
C0642_1E_1A,642,1,4
C0642_1F_1A,642,1,3
M0647_1F_2A,647,1,3
M0647_1F_1A,647,1,3
M0656_1F_2A,656,1,3
M0656_1F_1A,656,1,3
C0661_1E_1A,661,1,4
C0661_1F_1A,661,1,3
C0661_1F_2A,661,1,3
C0620_1F_2A,620,1,3
C0620_1E_1A,620,1,4
C0620_1F_1A,620,1,3
C0639_1F_1A,639,1,3
C0639_1E_1A,639,1,4
C0639_1F_2A,639,1,3
M0663_1E_1A,663,1,4
M0663_1F_2A,663,1,3
M0663_1F_1A,663,1,3
C0637_1F_1A,637,1,3
M0662_1F_2A,662,1,3
M0662_1F_1A,662,1,3
M0662_1E_1A,662,1,4
C0142_6F_1A,142,6,3
C0142_6F_2A,142,6,3
M0647_1E_1A,647,1,4
C0624_1F_2A,624,1,3
C0624_1E_1A,624,1,4
C0624_1F_1A,624,1,3
C0660_1F_2A,660,1,3
C0660_1F_1A,660,1,3
C0660_1E_1A,660,1,5
C0665_1F_2A,665,1,3
C0665_1F_1A,665,1,3
M0649_1F_1A,649,1,3
C0683_1E_1A,683,1,5
C0683_1F_1A,683,1,3
C0683_1F_2A,683,1,3
C0686_1F_1A,686,1,3
C0686_1F_2A,686,1,3
C0686_1E_1A,686,1,5
M0647_2F_2A,647,2,3
M0647_2F_1A,647,2,3
M0647_2E_1A,647,2,5
C0107_4F_1A,107,4,3
C0107_4E_1A,107,4,5
C0107_4F_2A,107,4,3
M0685_1F_2A,685,1,3
M0685_1F_1A,685,1,3
M0685_1E_1A,685,1,5
M0644_2F_1A,644,2,3
M0644_2F_2A,644,2,3
C0106_6E_1A,106,6,5
C0106_6F_1A,106,6,4
C0193_3F_1A,193,3,3
C0193_3F_2A,193,3,3
C0673_1F_1A,673,1,3
C0673_1E_1A,673,1,5
C0673_1F_2A,673,1,3
M0676_1F_2A,676,1,3
M0676_1E_1A,676,1,5
M0676_1F_1A,676,1,3
C0704_1F_1A,704,1,3
C0704_1F_2A,704,1,3
C0202_6F_1A,202,6,3
C0202_6F_2A,202,6,3
C0202_6E_1A,202,6,5
M0652_2F_1A,652,2,3
M0652_2F_2A,652,2,3
M0682_1F_2A,682,1,3
M0682_1F_1A,682,1,3
M0703_1F_2A,703,1,3
M0703_1F_1A,703,1,3
M0682_1E_1A,682,1,5
C0688_1F_1A,688,1,4
C0679_1E_1A,679,1,5
C0679_1F_1A,679,1,4
M0699_1F_1A,699,1,4
C0698_1F_1A,698,1,4
C0688_1E_1A,688,1,5
C0237_4F_1A,237,4,4
C0237_4E_1A,237,4,5
M0674_1F_1A,674,1,4
C0694_1F_1A,694,1,4
C0694_1E_1A,694,1,5
M0705_1F_1A,705,1,4
M0705_1E_1A,705,1,5
M0709_1F_1A,709,1,4
M0714_1F_1A,714,1,4
M0714_1E_1A,714,1,5
M0662_2E_1A,662,2,5
M0662_2F_1A,662,2,4
C0123_3F_1A,123,3,4
C0123_3E_1A,123,3,5
C0623_1F_1A,623,1,4
C0623_1E_1A,623,1,5
M0680_2E_1A,680,2,5
M0680_2F_1A,680,2,4
M0711_1F_1A,711,1,4
M0711_1E_1A,711,1,5
M0715_1E_1A,715,1,5
M0713_1F_1A,713,1,4
M0713_1E_1A,713,1,5
C2014_2F_1A,2014,2,4
C2014_2E_1A,2014,2,5
M0716_1F_1A,716,1,4
M0716_1E_1A,716,1,5
M0718_1F_1A,718,1,4
M0718_1E_1A,718,1,5
C0730_1F_1A,730,1,4
C0730_1E_1A,730,1,5
C0672_1E_1A,672,1,5
C0058_4F_1A,58,4,4
C0058_4E_1A,58,4,5
C0059_4E_1A,59,4,5
M0656_2F_1A,656,2,4
M0723_1F_1A,723,1,4
M0723_1E_1A,723,1,5
M0685_2E_1A,685,2,5
M0685_2F_1A,685,2,4
C0735_1E_1A,735,1,5
C0735_1F_1A,735,1,4
M0659_2F_1A,659,2,4
C2002_3E_1A,2002,3,5
C0429_4F_1A,429,4,4
C0693_1F_1A,693,1,4
M0756_1F_1A,756,1,4
C0720_1F_1A,720,1,4
C0725_1E_1A,725,1,5
C0725_1F_1A,725,1,4
M0749_1E_1A,749,1,5
M0749_1F_1A,749,1,4
M0754_1F_1A,754,1,4
M0754_1E_1A,754,1,5
C0690_1F_1A,690,1,7
M0652_3E_1A,652,3,5
M0652_3F_1A,652,3,7
M0757_1F_1A,757,1,7
M0757_1E_1A,757,1,5
M0644_3E_1A,644,3,5
M0644_3F_1A,644,3,6
M0706_2F_1A,706,2,6
M0753_1E_1A,753,1,5
M0753_1F_1A,753,1,6
M0766_1F_1A,766,1,6
M0774_1F_1A,774,1,6
M0774_1E_1A,774,1,5
M0715_2E_1A,715,2,5
C0767_1F_1A,767,1,6
C0767_1E_1A,767,1,5
C0047_7F_1A,47,7,6
C0047_7E_1A,47,7,5
M0765_1E_1A,765,1,5
M0765_1F_1A,765,1,6
M0662_3E_1A,662,3,5
M0662_3F_1A,662,3,6
M0742_2F_1A,742,2,6
M0742_2E_1A,742,2,5
C0066_7F_1A,66,7,6
M0653_2F_1A,653,2,6
M0713_2F_1A,713,2,6
M0713_2E_1A,713,2,5
C0743_1F_1A,743,1,6
C0743_1E_1A,743,1,5
C0724_1F_1A,724,1,6
C0724_1E_1A,724,1,5
M0745_2E_1A,745,2,5
M0745_2F_1A,745,2,6
M0711_2E_1A,711,2,5
M0711_2F_1A,711,2,6
M0792_1F_1A,792,1,6
M0792_1E_1A,792,1,5
M0791_1E_1A,791,1,5
M0791_1F_1A,791,1,6
M0656_3F_1A,656,3,6
M0703_2F_1A,703,2,6
C0789_1F_1A,789,1,6
C0789_1E_1A,789,1,5
C0788_1E_1A,788,1,5
C0788_1F_1A,788,1,6
M0790_1E_1A,790,1,5
M0790_1F_1A,790,1,6
M0700_3F_1A,700,3,6
M0700_3E_1A,700,3,5
C0784_1E_1A,784,1,5
C0784_1F_1A,784,1,6
C0785_1E_1A,785,1,5
C0785_1F_1A,785,1,6
M0651_2E_1A,651,2,5
M0651_2F_1A,651,2,6
M0752_2E_1A,752,2,5
M0752_2F_1A,752,2,6
C0768_1F_1A,768,1,6
C0768_1E_1A,768,1,5
M0801_1E_1A,801,1,5
M0801_1F_1A,801,1,6
M0742_2E_2A,742,2,5
M0742_2F_2A,742,2,6
M0808_1E_1A,808,1,5
M0774_2E_1A,774,2,5
C0799_1E_1A,799,1,5
C0799_1F_1A,799,1,6
M0805_1E_1A,805,1,5
M0805_1F_1A,805,1,6
M0748_2F_1A,748,2,6
M0778_2F_1A,778,2,6
M0699_3F_1A,699,3,6
C0811_1E_1A,811,1,5
C0811_1F_1A,811,1,6
M0766_2F_1A,766,2,7
M0808_1F_1A,808,1,6
C0053_8F_1A,53,8,6
C0053_8E_1A,53,8,5
C0332_4F_1A,332,4,6
C0332_4E_1A,332,4,5
C0052_7F_1A,52,7,6
C0052_7E_1A,52,7,5
M0794_1F_1A,794,1,6
M0794_1E_1A,794,1,5
C0812_1F_1A,812,1,6
M0824_1E_1A,824,1,5
M0824_1F_1A,824,1,6
M0749_2E_1A,749,2,5
M0804_1F_1A,804,1,6
M0804_1E_1A,804,1,5
M0749_2F_1A,749,2,6
M0770_2E_1A,770,2,5
M0770_2F_1A,770,2,6
C0126_9F_1A,126,9,6
C0126_9E_1A,126,9,5
M0776_2E_1A,776,2,5
M0776_2F_1A,776,2,6
C0127_7E_1A,127,7,5
C0127_7F_1A,127,7,6
M0753_2E_1A,753,2,5
M0753_2F_1A,753,2,6
C0825_1E_1A,825,1,5
C0825_1F_1A,825,1,6
C0286_6E_1A,286,6,5
C0286_6F_1A,286,6,6
C0296_6F_1A,296,6,6
C0296_6E_1A,296,6,5
C0494_2E_1A,494,2,5
C0494_2F_1A,494,2,6
M0713_3F_1A,713,3,6
M0713_3E_1A,713,3,5
M0834_1E_1A,834,1,5
M0828_1E_1A,828,1,5
M0828_1F_1A,828,1,6
C2018_3F_1A,2018,3,6
C2018_3E_1A,2018,3,5
C0469_2E_1A,469,2,5
C0469_2F_1A,469,2,6
M0822_1F_1A,822,1,6
M0822_1E_1A,822,1,5
C0837_1F_1A,837,1,6
C0837_1E_1A,837,1,5
C0841_1F_1A,841,1,7
C0840_1F_1A,840,1,6
C0814_1F_1A,814,1,7
C0110_7E_1A,110,7,6
C0110_7F_1A,110,7,7
M0703_3F_1A,703,3,7
M0844_1F_1A,844,1,7
M0844_1E_1A,844,1,5
M0769_2E_1A,769,2,6
M0769_2F_1A,769,2,7
M0780_2F_1A,780,2,7
C0826_1F_1A,826,1,7
C0076_8F_1A,76,8,7
C0111_6E_1A,111,6,6
C0111_6F_1A,111,6,7
C0827_1F_1A,827,1,7
C0385_4F_1A,385,4,7
M0790_2F_1A,790,2,7
C0477_3F_1A,477,3,7
M0839_1F_1A,839,1,7
C0249_4F_1A,249,4,7
C0595_2F_1A,595,2,7
M0843_1F_1A,843,1,7
C0312_7F_1A,312,7,7
M0803_2F_1A,803,2,7
M0849_1F_1A,849,1,7
M0863_1F_1A,863,1,7
C0078_3F_1A,78,3,7
C0240_4F_1A,240,4,7
C0518_2F_1A,518,2,7
M0744_3F_1A,744,3,7
C0747_1F_1A,747,1,7
M0765_2F_1A,765,2,7
C0117_5F_1A,117,5,7
M0847_1F_1A,847,1,7
C0859_1F_1A,859,1,7
M0752_3F_1A,752,3,7
C0860_1F_1A,860,1,7
M0804_2F_1A,804,2,7
M0824_2F_1A,824,2,7
M0851_1F_1A,851,1,7
C0853_1F_1A,853,1,7
C0856_1F_1A,856,1,7
C0470_2F_1A,470,2,7
C0830_1F_1A,830,1,7
C0835_1F_1A,835,1,7
C0067_7F_1A,67,7,7
C0082_5F_1A,82,5,7
C0493_2F_1A,493,2,7
C0089_3F_1A,89,3,7
M0776_3F_1A,776,3,7
C0005_3F_1A,5,3,7
C0798_1F_1A,798,1,7
M0858_1F_1A,858,1,7
M0769_3F_1A,769,3,7
M0809_2F_1A,809,2,7
M0870_1F_1A,870,1,7
C0200_2F_1A,200,2,7
C0511_2F_1A,511,2,7
C0723_3F_1A,723,3,7
C0871_1F_1A,871,1,7
C0879_1F_1A,879,1,7
C0405_6F_1A,405,6,7
C0421_6F_1A,421,6,7
C0516_2F_1A,516,2,7
M0766_3F_1A,766,3,7
M0880_1F_1A,880,1,8
C0032_9F_1A,32,9,8
M0794_2F_1A,794,2,8
M0886_1F_1A,886,1,8
M0889_1F_1A,889,1,8
M0891_1F_1A,891,1,8
M0842_2F_1A,842,2,8
M0893_1F_1A,893,1,8
M0753_3F_1A,753,3,8
C0861_1F_1A,861,1,8
M0896_1F_1A,896,1,8
C0802_1F_1A,802,1,8
C0852_1F_1A,852,1,8
M0883_1F_1A,883,1,8
M0900_1F_1A,900,1,8
C0530_2F_1A,530,2,8
C0537_2F_1A,537,2,8
M0790_3F_1A,790,3,8
M0908_1F_1A,908,1,8
M0884_2F_1A,884,2,8
C0754_2F_1A,754,2,8
M0863_2F_1A,863,2,8
M0880_2F_1A,880,2,8
M0867_2F_1A,867,2,8
C0479_4F_1A,479,4,8
M0839_3F_1A,839,3,8
C0277_2F_1A,277,2,8
C0426_5F_1A,426,5,8
M0882_2F_1A,882,2,8
C0887_1F_1A,887,1,8
M0928_1F_1A,928,1,8
C0512_2F_1A,512,2,8
M0847_2F_1A,847,2,8
C0925_1F_1A,925,1,8
C0930_1F_1A,930,1,8
M0854_2F_1A,854,2,8
M0881_2F_1A,881,2,8
C0505_2F_1A,505,2,8
C0506_2F_1A,506,2,8
M0907_2F_1A,907,2,8
C0672_2F_1A,672,2,8
C0556_2F_1A,556,2,8
C0124_3F_1A,124,3,8
C0524_3F_1A,524,3,8
M0883_2F_1A,883,2,8
C0547_2F_1A,547,2,8
M0888_2F_1A,888,2,8
M0885_1F_1A,885,1,8
M0932_1F_1A,932,1,8
M0842_3F_1A,842,3,8
M0901_2F_1A,901,2,8
M0929_1F_1A,929,1,8
M0892_2F_1A,892,2,8
M0926_1F_1A,926,1,8
C0460_4F_1A,460,4,8
C0062_7F_1A,62,7,8
M0904_2F_1A,904,2,8
C0649_2F_1A,649,2,8
M0893_2F_1A,893,2,8
M0927_2F_1A,927,2,8
M0918_2F_1A,918,2,8
C0920_1F_1A,920,1,8
C0921_1F_1A,921,1,8
M0886_2F_1A,886,2,8
M0896_2F_1A,896,2,8
C0252_7F_1A,252,7,8
C0567_2F_1A,567,2,8
M0945_1F_1A,945,1,8
C0253_7F_1A,253,7,8
C0557_1F_1A,557,1,8
C0684_4F_1A,684,4,8
M0908_2F_1A,908,2,8
M0910_2F_1A,910,2,8
M0958_1F_1A,958,1,8
M0914_2F_1A,914,2,8
C0043_8F_1A,43,8,8
C0325_5F_1A,325,5,8
C0692_3F_1A,692,3,8
M0917_2F_1A,917,2,8
M0863_3F_1A,863,3,8
M0964_1F_1A,964,1,8
C0682_3F_1A,682,3,8
M0880_2F_2A,880,2,8
C0583_2F_1A,583,2,8
C0526_2F_1A,526,2,8
C0575_2F_1A,575,2,8
M0884_3F_1A,884,3,8
C0495_2F_1A,495,2,8
C0656_4F_1A,656,4,8
C0699_4F_1A,699,4,8
M0971_1F_1A,971,1,8
C0576_2F_1A,576,2,8
M0864_3F_1A,864,3,8
C0902_1F_1A,902,1,8
M0947_1F_1A,947,1,8
C0711_4F_1A,711,4,8
M0973_1F_1A,973,1,9
C0654_2F_1A,654,2,9
M0894_2F_1A,894,2,9
M0890_3F_1A,890,3,9
M0922_2F_1A,922,2,9
M0932_2F_1A,932,2,9
M0934_2F_1A,934,2,9
C0742_3F_1A,742,3,9
M0946_1F_1A,946,1,9
M0989_1F_1A,989,1,9
C0647_4F_1A,647,4,9
M0891_3F_1A,891,3,9
M0937_2F_1A,937,2,9
C0633_2F_1A,633,2,9
M0892_3F_1A,892,3,9
M0919_2F_1A,919,2,9
M0935_2F_1A,935,2,9
M0960_1F_1A,960,1,9
M0996_1F_1A,996,1,9
C0703_4F_1A,703,4,9
M0883_3F_1A,883,3,9
M0913_2F_1A,913,2,9
C0661_2F_1A,661,2,9
M0881_3F_1A,881,3,9
M0998_1F_1A,998,1,9
M0999_1F_1A,999,1,9
C0541_2F_1A,541,2,9
C0739_2F_1A,739,2,9
M1008_1F_1A,1008,1,9
C0713_4F_1A,713,4,9
C2014_3F_1A,2014,3,9
M0888_3F_1A,888,3,9
M0948_2F_1A,948,2,9
M1007_1F_1A,1007,1,9
M0947_2F_1A,947,2,9
M1016_1F_1A,1016,1,9
M0886_3F_1A,886,3,9
M0950_2F_1A,950,2,9
C0752_4F_1A,752,4,9
M1027_1F_1A,1027,1,9
C1034_1F_1A,1034,1,9
C0402_3F_1A,402,3,9
C0451_2F_1A,451,2,9
M0980_2F_1A,980,2,9
M1015_1F_1A,1015,1,9
C0192_4F_1A,192,4,9
C0348_3F_1A,348,3,9
C0744_4F_1A,744,4,9
C0754_3F_1A,754,3,9
M0896_3F_1A,896,3,9
C0175_2F_1A,175,2,9
C0674_3F_1A,674,3,9
M0918_3F_1A,918,3,9
M0958_2F_1A,958,2,9
M1028_1F_1A,1028,1,9
M0951_2F_1A,951,2,9
M1005_2F_1A,1005,2,9
M0961_2F_1A,961,2,9
M1046_1F_1A,1046,1,9
C0603_4F_1A,603,4,9
M0946_3F_1A,946,3,9
C0229_5F_1A,229,5,9
C0643_2F_1A,643,2,9
C0499_2F_1A,499,2,9
C0507_2F_1A,507,2,9
M0973_2F_1A,973,2,9
C0550_3F_1A,550,3,9
C1009_1F_1A,1009,1,9
M1008_2F_1A,1008,2,9
M0977_2F_1A,977,2,9
C0660_2F_1A,660,2,9
M1037_2F_1A,1037,2,9
C0656_5F_1A,656,5,9
M0958_3F_1A,958,3,9
M0961_3F_1A,961,3,9
M0996_2F_1A,996,2,9
M1056_1F_1A,1056,1,9
M1047_2F_1A,1047,2,9
M1065_1F_1A,1065,1,9
M1060_1F_1A,1060,1,9
C0711_5F_1A,711,5,9
M1015_2F_1A,1015,2,9
M1066_1F_1A,1066,1,9
M1068_1F_1A,1068,1,9
M0984_2F_1A,984,2,9
M1064_1F_1A,1064,1,9
M0973_3F_1A,973,3,9
M1079_1F_1A,1079,1,9
M1086_1F_1A,1086,1,9
C0834_4F_1A,834,4,9
C0692_4F_1A,692,4,9
M1074_1F_1A,1074,1,9
C0788_2F_1A,788,2,9
C0789_2F_1A,789,2,9
M1058_1F_1A,1058,1,9
M1087_1F_1A,1087,1,9
M1095_1F_1A,1095,1,9
C0839_4F_1A,839,4,9
C0936_1F_1A,936,1,9
M1057_1F_1A,1057,1,9
M1067_1F_1A,1067,1,9
M1096_1F_1A,1096,1,9
M1099_1F_1A,1099,1,9
C2018_4F_1A,2018,4,9
M1059_1F_1A,1059,1,9
M1078_1F_1A,1078,1,9
M1064_2F_1A,1064,2,9
M1008_3F_1A,1008,3,9
M1022_2F_1A,1022,2,9
C1026_1F_1A,1026,1,9
C1075_1F_1A,1075,1,9
M1083_1F_1A,1083,1,9
C1102_1F_1A,1102,1,9
C0698_2F_1A,698,2,9
M1061_2F_1A,1061,2,9
M1113_1F_1A,1113,1,9
C0851_4F_1A,851,4,9
M1056_2F_1A,1056,2,9
C1090_1F_1A,1090,1,9
M1115_1F_1A,1115,1,9
M1116_1F_1A,1116,1,9
C0828_4F_1A,828,4,9
C1062_3F_1A,1062,3,9
M1082_1F_1A,1082,1,9
C0461_4F_1A,461,4,9
M1110_1F_1A,1110,1,9
C0388_7F_1A,388,7,9
C0634_3F_1A,634,3,10
C0586_2F_1A,586,2,10
C0672_3F_1A,672,3,10
M1088_1F_1A,1088,1,9
C1089_1F_1A,1089,1,9
C0661_3F_1A,661,3,10
M1097_1F_1A,1097,1,10
M1109_1F_1A,1109,1,9
M1124_1F_1A,1124,1,10
C0514_2F_1A,514,2,10
M1096_2F_1A,1096,2,10
C1136_1F_1A,1136,1,10
M1058_2F_1A,1058,2,10
C0537_3F_1A,537,3,10
C0642_2F_1A,642,2,10
C0915_3F_1A,915,3,10
M1086_2F_1A,1086,2,10
M1142_1F_1A,1142,1,10
C0880_4F_1A,880,4,10
M1066_2F_1A,1066,2,10
C0202_7F_1A,202,7,10
C0871_2F_1A,871,2,10
M1087_2F_1A,1087,2,10
M1147_1F_1A,1147,1,10
M1170_1F_1A,1170,1,10
M1091_1F_1A,1091,1,10
M1160_1F_1A,1160,1,10
M1060_2F_1A,1060,2,10
M1140_1F_1A,1140,1,10
M1145_1F_1A,1145,1,10
M1150_1F_1A,1150,1,10
C0855_4F_1A,855,4,10
M1082_2F_1A,1082,2,10
M1041_2F_1A,1041,2,10
C0456_4F_1A,456,4,10
M1043_3F_1A,1043,3,10
C0450_3F_1A,450,3,10
C0863_4F_1A,863,4,10
C0879_2F_1A,879,2,10
C0932_3F_1A,932,3,10
M1103_2F_1A,1103,2,10
C1171_1F_1A,1171,1,10
M1118_1F_1A,1118,1,10
C0259_3F_1A,259,3,10
C0200_3F_1A,200,3,10
C0524_4F_1A,524,4,10
M1061_3F_1A,1061,3,10
M1099_2F_1A,1099,2,10
M1056_3F_1A,1056,3,10
M1153_1F_1A,1153,1,10
M1167_1F_1A,1167,1,10
C0769_5F_1A,769,5,10
M1064_3F_1A,1064,3,10
M1120_2F_1A,1120,2,10
M1161_1F_1A,1161,1,10
M1162_1F_1A,1162,1,10
C0888_4F_1A,888,4,10
M1113_2F_1A,1113,2,10
C1144_1F_1A,1144,1,10
M1142_2F_1A,1142,2,10
M1105_2F_1A,1105,2,10
C0631_2F_1A,631,2,10
M1068_2F_1A,1068,2,10
C0016_4F_1A,16,4,10
C0920_2F_1A,920,2,10
C0921_2F_1A,921,2,10
M1137_2F_1A,1137,2,10
C0017_3F_1A,17,3,10
C0958_4F_1A,958,4,10
M1067_2F_1A,1067,2,10
M1083_2F_1A,1083,2,10
M1183_1F_1A,1183,1,10
M1055_3F_1A,1055,3,10
M1126_2F_1A,1126,2,10
M1143_2F_1A,1143,2,10
M1189_1F_1A,1189,1,10
M1050_3F_1A,1050,3,10
M1129_2F_1A,1129,2,10
M1159_1F_1A,1159,1,10
M1135_2F_1A,1135,2,10
M1109_2F_1A,1109,2,10
M1202_1F_1A,1202,1,10
M1186_1F_1A,1186,1,10
M1058_3F_1A,1058,3,10
M1065_3F_1A,1065,3,10
M1110_2F_1A,1110,2,10
M1124_2F_1A,1124,2,10
M1146_2F_1A,1146,2,10
M1170_2F_1A,1170,2,10
M1176_1F_1A,1176,1,10
M1088_2F_1A,1088,2,10
M1157_2F_1A,1157,2,10
M1197_1F_1A,1197,1,10
M1200_1F_1A,1200,1,10
M1210_1F_1A,1210,1,10
M1066_3F_1A,1066,3,10
M1148_2F_1A,1148,2,10
M1205_1F_1A,1205,1,10
M1194_1F_1A,1194,1,10
M1208_1F_1A,1208,1,11
M1115_2F_1A,1115,2,11
C0909_4F_1A,909,4,11
M1096_3F_1A,1096,3,11
M1155_2F_1A,1155,2,11
M1169_2F_1A,1169,2,11
M1175_1F_1A,1175,1,11
C0730_2F_1A,730,2,11
C0908_4F_1A,908,4,11
M1211_1F_1A,1211,1,11
C0240_5F_1A,240,5,11
M1161_2F_1A,1161,2,11
M1172_2F_1A,1172,2,11
C0821_5F_1A,821,5,11
M1147_2F_1A,1147,2,11
M1162_2F_1A,1162,2,11
M1201_1F_1A,1201,1,11
M1095_3F_1A,1095,3,11
M1166_2F_1A,1166,2,11
M1220_1F_1A,1220,1,11
C0891_4F_1A,891,4,11
M1103_3F_1A,1103,3,11
M1167_2F_1A,1167,2,11
C1037_4F_1A,1037,4,11
M1083_3F_1A,1083,3,11
M1142_3F_1A,1142,3,12
C0308_6F_1A,308,6,11
M1218_1F_1A,1218,1,12
C0307_5F_1A,307,5,11
C0794_4F_1A,794,4,11
C0839_5F_1A,839,5,11
M1221_1F_1A,1221,1,11
M1105_3F_1A,1105,3,12
M1195_2F_1A,1195,2,12
M1200_2F_1A,1200,2,12
M1115_3F_1A,1115,3,12
M1150_2F_1A,1150,2,12
M1198_2F_1A,1198,2,12
C0723_4F_1A,723,4,11
C0767_2F_1A,767,2,12
M1180_2F_1A,1180,2,12
C1217_1F_1A,1217,1,12
C1228_1F_1A,1228,1,11
M1159_2F_1A,1159,2,11
C0754_4F_1A,754,4,11
M1226_1F_1A,1226,1,11
M1227_1F_1A,1227,1,11
C0567_3F_1A,567,3,11
M1129_3F_1A,1129,3,11
M1176_2F_1A,1176,2,11
M1177_2F_1A,1177,2,11
M1199_2F_1A,1199,2,11
M1183_2F_1A,1183,2,11
M1126_3F_1A,1126,3,11
M1205_2F_1A,1205,2,11
M1137_3F_1A,1137,3,11
C0861_2F_1A,861,2,11
M1170_3F_1A,1170,3,11
C0174_3F_1A,174,3,11
C0999_2F_1A,999,2,12
M1139_3F_1A,1139,3,11
M1143_3F_1A,1143,3,12
M1188_2F_1A,1188,2,11
C0511_3F_1A,511,3,11
M1148_3F_1A,1148,3,11
M1162_3F_1A,1162,3,11
M1213_2F_1A,1213,2,11
C1238_1F_1A,1238,1,11
C1243_1F_1A,1243,1,11
C1223_1F_1A,1223,1,11
C0157_6F_1A,157,6,11
C0158_6F_1A,158,6,11
M1172_3F_1A,1172,3,11
C0062_8F_1A,62,8,12
C0556_3F_1A,556,3,11
C0557_2F_1A,557,2,12
C0864_5F_1A,864,5,11
M1155_3F_1A,1155,3,11
C0961_4F_1A,961,4,11
C1007_3F_1A,1007,3,12
M1186_2F_1A,1186,2,11
M1219_1F_1A,1219,1,11
M1247_1F_1A,1247,1,11
C0061_8F_1A,61,8,11
C0271_5F_1A,271,5,12
C0788_3F_1A,788,3,12
C0789_3F_1A,789,3,11
M1159_3F_1A,1159,3,12
M1109_3F_1A,1109,3,12
C1222_1F_1A,1222,1,11
C0190_3F_1A,190,3,11
C0191_3F_1A,191,3,12
C1059_3F_1A,1059,3,11
C1250_1F_1A,1250,1,11
C0390_2F_1A,390,2,11
C0564_2F_1A,564,2,11
C0915_4F_1A,915,4,11
M1221_2F_1A,1221,2,11
M1252_1F_1A,1252,1,11
C0071_8F_1A,71,8,11
C1068_3F_1A,1068,3,11
C0784_2F_1A,784,2,11
C0886_4F_1A,886,4,11
M1147_3F_1A,1147,3,11
M1207_2F_1A,1207,2,11
M1216_2F_1A,1216,2,11
M1220_2F_1A,1220,2,11
M1245_1F_1A,1245,1,11
M1246_1F_1A,1246,1,11
C0477_5F_1A,477,5,11
C0550_4F_1A,550,4,11
C0932_4F_1A,932,4,11
M1180_3F_1A,1180,3,11
C0904_5F_1A,904,5,12
M1179_3F_1A,1179,3,11
M1232_1F_1A,1232,1,11
C1008_4F_1A,1008,4,11
M1181_3F_1A,1181,3,11
M1211_2F_1A,1211,2,12
M1261_1F_1A,1261,1,12
C0914_5F_1A,914,5,12
M1240_1F_1A,1240,1,12
M1195_3F_1A,1195,3,12
C0603_6F_1A,603,6,12
M0974_1F_1A,974,1,12
M1200_3F_1A,1200,3,12
C0127_8F_1A,127,8,12
C0753_4F_1A,753,4,12
M1218_2F_1A,1218,2,12
C0126_10F_1A,126,10,12
C0612_2F_1A,612,2,12
M1229_2F_1A,1229,2,12
M1219_2F_1A,1219,2,12
C0055_3F_1A,55,3,12
C0323_3F_1A,323,3,12
C0324_3F_1A,324,3,12
C0047_8F_1A,47,8,12
M1226_2F_1A,1226,2,12
M1211_3F_1A,1211,3,12
M1258_1F_1A,1258,1,12
C2018_5F_1A,2018,5,12
C0161_7F_1A,161,7,12
C0248_3F_1A,248,3,12
C0249_5F_1A,249,5,12
C1015_3F_1A,1015,3,12
M1176_3F_1A,1176,3,12
M1177_3F_1A,1177,3,12
M1234_2F_1A,1234,2,12
C0312_8F_1A,312,8,12
M1202_3F_1A,1202,3,12
M1273_1F_1A,1273,1,12
M1188_3F_1A,1188,3,12
M1208_3F_1A,1208,3,12
M1232_2F_1A,1232,2,12
M1240_2F_1A,1240,2,12
M1221_3F_1A,1221,3,12
M1268_1F_1A,1268,1,12
C0536_1F_1A,536,1,12
M1263_1F_1A,1263,1,12
C0535_2F_1A,535,2,12
C0665_2F_1A,665,2,12
M1237_2F_1A,1237,2,12
C1087_3F_1A,1087,3,12
C0676_3F_1A,676,3,12
M1254_2F_1A,1254,2,12
C0029_6F_1A,29,6,12
M1205_3F_1A,1205,3,12
M1276_1F_1A,1276,1,12
C0385_5F_1A,385,5,12
C0231_3F_1A,231,3,12
M1271_1F_1A,1271,1,12
M1274_1F_1A,1274,1,12
C1099_3F_1A,1099,3,12
M1281_1F_1A,1281,1,12
C0724_2F_1A,724,2,12
C0725_2F_1A,725,2,12
C0946_5F_1A,946,5,12
C1090_2F_1A,1090,2,12
M0974_2F_1A,974,2,12
C1060_3F_1A,1060,3,12
C0443_4F_1A,443,4,12
C0830_2F_1A,830,2,12
C1160_3F_1A,1160,3,12
M1207_3F_1A,1207,3,12
C0124_4F_1A,124,4,12
C0405_7F_1A,405,7,12
M1247_2F_1A,1247,2,12
M1275_1F_1A,1275,1,12
C0897_2F_1A,897,2,12
M1258_2F_1A,1258,2,12
C0742_5F_1A,742,5,12
M1245_2F_1A,1245,2,12
M1262_2F_1A,1262,2,13
M1287_1F_1A,1287,1,13
M1226_3F_1A,1226,3,13
C0146_7F_1A,146,7,13
M1255_2F_1A,1255,2,13
C0792_4F_1A,792,4,13
M1279_1F_1A,1279,1,13
C0470_3F_1A,470,3,13
C0117_6F_1A,117,6,13
M1229_3F_1A,1229,3,13
C0785_2F_1A,785,2,13
M1266_2F_1A,1266,2,13
C0768_2F_1A,768,2,13
C0476_5F_1A,476,5,13
C0110_8F_1A,110,8,13
C0932_7F_1A,932,7,13
M1300_1F_1A,1300,1,13
C0111_7F_1A,111,7,13
C0996_4F_1A,996,4,13
C0479_5F_1A,479,5,13
C0742_5F_2A,742,5,13
C1050_4F_1A,1050,4,13
M1272_2F_1A,1272,2,13
M1295_1F_1A,1295,1,13
M1232_3F_1A,1232,3,13
M1246_3F_1A,1246,3,13
C0711_6F_1A,711,6,13
C0774_4F_1A,774,4,13
C0880_5F_1A,880,5,13
C0744_6F_1A,744,6,13
M1254_3F_1A,1254,3,13
M1278_2F_1A,1278,2,13
M1276_2F_1A,1276,2,13
C0578_3F_1A,578,3,13
C0577_3F_1A,577,3,13
M1271_2F_1A,1271,2,13
M1282_2F_1A,1282,2,13
M1287_2F_1A,1287,2,13
M1312_1F_1A,1312,1,13
C0524_5F_1A,524,5,13
C0579_3F_1A,579,3,13
C1135_4F_1A,1135,4,13
M1275_2F_1A,1275,2,13
M1298_1F_1A,1298,1,13
C0980_5F_1A,980,5,13
M1283_2F_1A,1283,2,13
M1240_3F_1A,1240,3,13
M1252_2F_1A,1252,2,13
C0516_3F_1A,516,3,13
M1262_3F_1A,1262,3,13
C0871_3F_1A,871,3,13
M1258_3F_1A,1258,3,13
M1300_2F_1A,1300,2,13
M1286_2F_1A,1286,2,13
C1177_4F_1A,1177,4,13
C1219_3F_1A,1219,3,13
M1266_3F_1A,1266,3,13
M1294_2F_1A,1294,2,13
M1297_2F_1A,1297,2,13
C1115_4F_1A,1115,4,13
M1278_3F_1A,1278,3,13
M1307_2F_1A,1307,2,13
C0459_4F_1A,459,4,13
C0879_3F_1A,879,3,13
M1280_2F_1A,1280,2,13
M1295_2F_1A,1295,2,13
C0661_4F_1A,661,4,13
M1273_3F_1A,1273,3,13
M1272_3F_1A,1272,3,13
M1301_3F_1A,1301,3,13
M1302_2F_1A,1302,2,13
C1109_4F_1A,1109,4,13
C0194_5F_1A,194,5,13
M1305_2F_1A,1305,2,13
M1280_3F_1A,1280,3,13
M1279_2F_1A,1279,2,13
M1340_1F_1A,1340,1,13
C0596_3F_1A,596,3,13
M1314_2F_1A,1314,2,13
C1328_1F_1A,1328,1,13
C1329_1F_1A,1329,1,13
C0530_3F_1A,530,3,13
C0547_3F_1A,547,3,13
C0597_3F_1A,597,3,13
M1318_2F_1A,1318,2,13
M1333_1F_1A,1333,1,14
M1316_2F_1A,1316,2,14
M1326_2F_1A,1326,2,14
C0923_4F_1A,923,4,14
M1300_3F_1A,1300,3,14
M1279_3F_1A,1279,3,14
M1324_2F_1A,1324,2,14
C0369_4F_1A,369,4,14
C0556_4F_1A,556,4,14
C0863_5F_1A,863,5,14
C0196_6F_1A,196,6,14
M1348_1F_1A,1348,1,14
C0492_4F_1A,492,4,14
M1294_3F_1A,1294,3,14
C1223_2F_1A,1223,2,14
C1255_3F_1A,1255,3,14
C0893_4F_1A,893,4,14
M1325_2F_1A,1325,2,14
M1344_1F_1A,1344,1,14
C0575_3F_1A,575,3,14
M1297_3F_1A,1297,3,14
M1307_3F_1A,1307,3,14
M1339_1F_1A,1339,1,14
C1172_4F_1A,1172,4,14
C1195_4F_1A,1195,4,14
C0179_6F_1A,179,6,14
C0188_7F_1A,188,7,14
C0189_7F_1A,189,7,14
C0723_5F_1A,723,5,14
C0500_4F_1A,500,4,14
C0873_2F_1A,873,2,14
M1293_3F_1A,1293,3,14
C0043_9F_1A,43,9,14
C0864_6F_1A,864,6,14
M1295_3F_1A,1295,3,14
C0325_6F_1A,325,6,14
C1162_3F_1A,1162,3,14
C1167_4F_1A,1167,4,14
M1322_2F_1A,1322,2,14
M1330_2F_1A,1330,2,14
M1336_2F_1A,1336,2,14
C1361_1F_1A,1361,1,14
M1362_1F_1A,1362,1,14
C0932_8F_1A,932,8,14
C0495_3F_1A,495,3,14
M1298_3F_1A,1298,3,14
M1305_3F_1A,1305,3,14
C1068_8F_1A,1068,8,14
M1363_1F_1A,1363,1,14
M1312_3F_1A,1312,3,14
M1340_2F_1A,1340,2,14
M1347_2F_1A,1347,2,14
M1354_2F_1A,1354,2,14
M1345_2F_1A,1345,2,14
M1342_2F_1A,1342,2,14
M1316_3F_1A,1316,3,14
M1369_1F_1A,1369,1,14
M1337_2F_1A,1337,2,14
C0494_3F_1A,494,3,14
C0635_3F_1A,635,3,14
C1155_4F_1A,1155,4,14
C1159_4F_1A,1159,4,14
M1352_1F_1A,1352,1,14
M1314_3F_1A,1314,3,14
M1324_3F_1A,1324,3,14
C1273_4F_1A,1273,4,14
M1322_3F_1A,1322,3,14
M1318_3F_1A,1318,3,14
M1376_1F_1A,1376,1,14
C0571_3F_1A,571,3,14
M1371_1F_1A,1371,1,14
C1171_2F_1A,1171,2,14
C1365_1F_1A,1365,1,14
C1215_4F_1A,1215,4,14
M1359_2F_1A,1359,2,14
C1050_9F_1A,1050,9,14
C1373_1F_1A,1373,1,14
C0123_5F_1A,123,5,14
C0492_7F_1A,492,7,14
C0623_3F_1A,623,3,14
M1353_2F_1A,1353,2,14
C1220_4F_1A,1220,4,14
M1367_2F_1A,1367,2,14
M1336_3F_1A,1336,3,14
M1333_3F_1A,1333,3,14
M1362_2F_1A,1362,2,14
C1227_3F_1A,1227,3,14
M1352_2F_1A,1352,2,14
C1135_5F_1A,1135,5,14
C1234_4F_1A,1234,4,14
C1244_4F_1A,1244,4,14
C1271_4F_1A,1271,4,14
